{
  "test_acc1": 0.24905220107003842,
  "test_acc3": 0.5130186320313014,
  "best_val_loss": 2.6261466517700347,
  "best_epoch": 10
}