{
  "test_acc1": 0.4829884130809541,
  "test_acc3": 0.8082026124171291,
  "best_val_loss": 0.9335370488360739,
  "best_epoch": 40
}